ebitda,year
1951.7642025468942,2014
2066.1502510844693,2015
2136.7810950339167,2016
2242.7072786981776,2017
2316.06425385336,2018
2390.5115361707717,2019
2442.669181835179,2020
2536.994043695061,2021
2639.593246138815,2022
2749.0859061331344,2023
2865.046228897278,2024
2984.71881590231,2025
3108.340389315372,2026
3236.467209418146,2027
