,dep_scorp_pos,dep_scorp_neg,dep_sp_pos,dep_sp_neg,dep_part_pos,dep_part_neg,int_scorp_pos,int_scorp_neg,int_sp_pos,int_sp_neg,int_part_pos,int_part_neg
0,0.23013525486355457,0.08584699317749472,0.08120551742749563,0.044182996465820745,0.289535013586574,0.26909422447906034,0.24414696715475306,-0.24414696715475306,0.04892729963128771,0.030745261870428975,0.32370732934926394,0.2981990182918831
