ebitda,year
1952.2173805214054,2014
2066.155835973217,2015
2143.58732408599,2016
2249.8890281694253,2017
2327.725407016734,2018
2406.1150855302308,2019
2472.543551142403,2020
2562.684209244836,2021
2662.0117556668156,2022
2768.899877980955,2023
2882.8964453484728,2024
3001.3886630709994,2025
3124.4116593981094,2026
3252.329634419026,2027
