,ebitda,year
0,1948.0921499848803,2014
1,2062.0379556719854,2015
2,2128.995392470603,2016
3,2234.9257256648616,2017
4,2298.51844872973,2018
5,2364.709001907878,2019
6,2386.804352802624,2020
7,2489.2857074998,2021
8,2597.8868924963645,2022
9,2712.1855429752823,2023
10,2832.102049014726,2024
11,2954.171751373418,2025
12,3078.974660305273,2026
13,3207.4593023491548,2027
