year,repatch_e,repatch_a
2014,0.0,0.0
2015,0.0,0.0
2016,0.0,0.0
2017,0.0,0.0
2018,0.1332900665541249,0.2
2019,0.1332900665541249,0.2
2020,0.1332900665541249,0.2
2021,0.1332900665541249,0.2
2022,0.1332900665541249,0.2
2023,0.1332900665541249,0.2
2024,0.1332900665541249,0.2
2025,0.1332900665541249,1.0
2026,0.1332900665541249,0.0
2027,0.1332900665541249,0.0
2028,0.1332900665541249,0.0
2029,0.1332900665541249,0.0
