param_amt,amt_frac,totaluserate_pymtc,userate_pymtc,trans_amt1,trans_amt2,stock2014,ftc,dep_corp,dep_noncorp,int_corp,int_noncorp
3.719123016937536,0.064987819597822,0.1294224664043871,0.1568222410975803,0.494,0.03516942068321887,28.178801,0.8629574797372855,5.265331461995429e-10,4.4152401807632356e-10,0.3608029895783823,0.33777348143386576
