param_amt,amt_frac,userate_pymtc,trans_amt1,trans_amt0,ftc,int_corp,int_noncorp
3.719123016937536,0.064987819597822,0.2309313802338849,0.494,0.865,0.8629574797372855,0.3608029895783823,0.33777348143386576
