param_amt,amt_frac,userate_pymtc,trans_amt1,trans_amt0,ftc,int_corp,int_noncorp
3.719123017,0.06498782,0.156822241,0.494,0.856,0.86295748,0.36080299,0.337773481
