year,f_c_l,f_nc_l,i_t
2014,0.32,0.29,0.02541
2015,0.32,0.29,0.02136
2016,0.32,0.29,0.01842
2017,0.32,0.29,0.02431
2018,0.32,0.29,0.02813
2019,0.32,0.29,0.03235
2020,0.32,0.29,0.03478
2021,0.32,0.29,0.0361
2022,0.32,0.29,0.03688
2023,0.32,0.29,0.037
2024,0.32,0.29,0.037
2025,0.32,0.29,0.037
2026,0.32,0.29,0.037
2027,0.32,0.29,0.037
